,questionId
0,M01-Q01
1,M01-Q02
2,M01-Q03
3,M01-Q04
4,M01-Q05
5,M01-Q06
6,M01-Q07
7,M01-Q08
8,M01-Q09
9,M01-Q10
10,M01-Q11
11,M01-Q12
12,M01-Q13
13,M01-Q14
14,M01-Q15
15,M01-Q16
16,M01-Q17
17,M01-Q18
18,M01-Q19
19,M01-Q20
20,M01-Q21
21,M01-Q22
22,M01-Q23
23,M01-Q24
24,M01-Q25
25,M01-Q26
26,M01-Q27
27,M01-Q28
28,M01-Q29
29,M01-Q30
30,M03-Q1
31,M03-Q2
32,M03-Q3
33,M03-Q4
34,M03-Q5
35,M03-Q6
36,M03-Q7
37,M03-Q8
38,M03-Q9
39,M03-Q10
40,M03-Q11
41,M03-Q12
42,M03-Q13
43,M03-Q14
44,M03-Q15
45,M03-Q16
46,M03-Q17
47,M03-Q18
48,M03-Q19
49,M03-Q20
50,M03-Q21
51,M03-Q22
52,M03-Q23
53,M03-Q24
54,M03-Q25
55,M03-Q26
56,M03-Q27
57,M03-Q28
58,M03-Q29
59,M03-Q30
60,M06-Q1
61,M06-Q2
62,M06-Q3
63,M06-Q4
64,M06-Q5
65,M06-Q6
66,M06-Q7
67,M06-Q8
68,M06-Q9
69,M06-Q10
70,M06-Q11
71,M06-Q12
72,M06-Q13
73,M06-Q14
74,M06-Q15
75,M06-Q16
76,M06-Q17
77,M06-Q18
78,M06-Q19
79,M06-Q20
80,M06-Q21
81,M06-Q22
82,M06-Q23
83,M06-Q24
84,M06-Q25
85,M06-Q26
86,M06-Q27
87,M06-Q28
88,M06-Q29
89,M06-Q30
90,M07-Q1
91,M07-Q2
92,M07-Q3
93,M07-Q4
94,M07-Q5
95,M07-Q6
96,M07-Q7
97,M07-Q8
98,M07-Q9
99,M07-Q10
100,M07-Q11
101,M07-Q12
102,M07-Q13
103,M07-Q14
104,M07-Q15
105,M07-Q16
106,M07-Q17
107,M07-Q18
108,M07-Q19
109,M07-Q20
110,M07-Q21
111,M07-Q22
112,M07-Q23
113,M07-Q24
114,M07-Q25
115,M07-Q26
116,M07-Q27
117,M07-Q28
118,M07-Q29
119,M07-Q30
120,MT-Q1
121,MT-Q2
122,MT-Q3
123,MT-Q4
124,MT-Q5
125,MT-Q6
126,MT-Q7
127,MT-Q8
128,MT-Q9
129,MT-Q10
130,MT-Q11
131,M04-Q1
132,M04-Q2
133,M04-Q3
134,M04-Q4
135,M04-Q5
136,M04-Q6
137,M04-Q7
138,M04-Q8
139,M04-Q9
140,M04-Q10
141,M04-Q11
142,M04-Q12
143,M04-Q13
144,M04-Q14
145,M04-Q15
146,M04-Q16
147,M04-Q17
148,M04-Q18
149,M04-Q19
150,M04-Q20
151,M04-Q21
152,M04-Q22
153,M04-Q23
154,M04-Q24
155,M04-Q25
156,M04-Q26
157,M04-Q27
158,M04-Q28
159,M04-Q29
160,M04-Q30
161,M04-Q31
162,M04-Q32
163,M04-Q33
164,M04-Q34
165,M04-Q35
166,M04-Q36
167,M04-Q37
168,M04-Q38
169,M04-Q39
170,M04-Q40
171,M04-Q41
172,M04-Q42
173,M04-Q43
174,M04-Q44
175,M04-Q45
176,M04-Q46
177,M04-Q47
178,M04-Q48
179,M04-Q49
180,M04-Q50
181,M04-Q1
182,M05A-Q1
183,M06-Q1
184,MT-Q1
